"파이썬에 대해 관심을 가지고 있습니다. 고객과 관련된 시장 DATA를 자동화(코딩 크롤링)하여, 시각화를 통한 정보 분석을 함으로써 영업 업무를 효율적으로 하고 싶어 신청하게 되었습니다. 또한, 확률 함수를 설정하여 미래 예측을 할 수 있도록 코딩을 활용하고 싶습니다(고객 수요 예측, 재고 소요관리 등)","고객 정보 DATA 수집, 수집한 DATA 시각화, 코딩을 활용한 확률 모형"
출하 물성 데이터 분석,파이썬을 활용한 데이터 분석
많은 raw데이터를 다루게 되며 의미있는 데이터 분석에 관심이 생겼습니다.,데이터분석능력함양 을 통한 업무효율 상승
"1. 불량률 집계 자동화 도입
2. 성적서 작성 자동화 도입
3. 품질 Data 분석 및 시각화
4. 검출기 Data 전처리 및 시각화
5. DT 준전문가 과정에서의 과제 보완",검사기 Data 활용성 증가
"인공지능, 빅데이터, Digital Transformation 등 전에 비해 데이터를 활용하여 인간이 해석할 수 있는 능력을 뛰어넘는 도구들이새로이 생기면서 세상의 변화가 빠르게 진행되고 있음을 느낍니다. 이 시점에서 이 변화에 적응할 수 있는 사람과 적응하지 못하는 사람과의 차이는 앞으로 점점 더 벌어질 것이라 생각됩니다. 따라서 매우 관심이 많아 신청합니다.","이 교육을 통해 데이터 활용 방법을 고도화하여, 현재 공정에서 쏟아지고 있는 데이터들을 우리가 좀 더 활용 가능한 형태 혹은 방법을 고안하여 공정을 더욱 안정화시키고 개선시킬 수 있는 능력 배양이 될 수 있으면 합니다."
"데이터 분석 역량을 강화하고자 합니다.
특히, 특허 데이터를 활용하여 자사 및 타사의 특허를 분석함으로써, 새로운 인사이트를 도출하고, 이를 바탕으로 자사의 특허 전략 수립에 기여할 수 있을 것으로 기대하여 지원하게 되었습니다.",이론 + 실습으로 진행되는 강의인 만큼 실무에서 적용할 수 있는 능력을 키울 수 있다는 점이 기대됩니다.
AI 기술 도입 시 발주 업무 활용을 위해,파이썬 프로그램 활용 및 실무 사용 항목들
"인사업무 전반 AI 및 DT 기술 접목
현재 인사업무 운영 방식이 인간에 의한 복잡한 확인과정이 많은데, 해당 과정을 DT화, 자동화하여 확인 및 수정작업에 들어가는 자원을 절감하고싶음. 절감된 자원은 인사기획 등으로 역량 집중.","데이터 정량화 방법, 신뢰성있는 데이터의 수집 및 처리.
데이터 처리의 자동화 및 현업 응용 방안."
안전환경 업무 관련 DATA를 활용한 업무 자동화 및 NDS담당자와 원활한 소통을 위함.,"DATA 분석 활용tool, 코딩 기초"
품질 관리를 위한 공정 데이터 분석 효율 및 정확도 향상과 분석 자동화를 위함입니다.,"파이썬 데이터 분석 교육을 통해 현 업무에 적용시킬 수 있는 부분을 고민하여, 적용시켜 나갈 수 있는 부분들을 배우고자 합니다."
파이썬을 활용한 효율적인 데이터 관리 목적으로 신청합니다.,실무에서 활용 가능한 내용 위주의 교육을 기대합니다.
AI를 이용한 데이터 분석을 통해 에너지 분석을 하기 위함.,데이터 분석을 활용하여 업무를 효율적으로 하고싶습니다.
파이썬을 통한 불량 상관관계를 확인해 보고 싶어요,파이썬 활용법
DT 전환의 흐름에 따른 실무자로서의 데이터 분석 능력 배양,"데이터 분석을 위한 전/후처리 코딩, 데이터 경향성 파악을 통한 공정 조건 최적화 코딩"
데이터 활용 및 분석 역량 강화를 통한 품질 불량 예방 및 개선,"반복 업무의 효율화를 위한 코딩 강의 
데이터 활용 및 분석에 대한 예시를 통한 실무 적용"
ERP에 구현되어있지만 원하는 양식이나 결과로 추출되지 않고 2차 3차 가공을 해야하는 부분을 줄이고 싶음,데이터를 보다 효율적으로 가공하는 방법을 배울 수 있을 것 같음
"다양한 사내 데이터를 효율적으로 관리하고 분석해야 할 필요성이 점점 증가하고 있습니다. 파이썬 데이터 분석 교육을 통해 대량의 데이터를 체계적으로 처리하고, 비용 절감 및 업무 효율성을 높이는 데 활용하고자 합니다. 또한, 보고서 자동화 및 데이터 기반 의사결정 역량을 강화하여 보다 신속하고 정확한 업무 수행이 가능하도록 하려는 목적입니다.","1. 반복 업무 자동화를 통한 업무 생산성 향상
2. 데이터 분석 인사이트 도출 능력 강화
3. 총무 업무에 적합한 실전 활용 사례 학습"
"영업 마케팅 업무를 위해, 파이썬 코딩 크롤링 기술을 사용하여, 자동화 데이터를 수집하고 통계 및 확률 함수를 활용하여 미래를 예측한 영업을 전개하고자 신청하게되었습니다.",AI와 더불어 코딩 컴퓨터 기술은 미래에 반드시 필요한 활동이라고 생각합니다. 본 교육을 통해 영업팀에 발전을 도모하고 싶습니다.
업무의 효율을 높이기 위함,
EV 및 ESS 시장 마케팅 시장조사 활용,파이썬 데이타 분석을 통해 영업 마케팅 시장조사 및 Data분석에 활용하여 영업력 강화 및 업무 효율화를 도모하고자 합니다.
"Data 분석 교육 이수를 통해, 영업 업무에 사용","Data 분석에 대한 강의를 통해 업그레이드 된 Data 분석, 정리, 실무에 활용 기대합니다."
업무 상 Data 분석 및 가공을 많이 해야 합니다. 일반적으로 Excel을 활용하는데 시간이 많이 소모되고 어려운 부분이 많습니다. 파이썬 툴을 배워서 제가 기획하고자 하는 내용을 좀 더 정확하게 표현해보고 싶습니다.,현재 Excel 방식에서 벗어나 신속하고 정확한 Data 분석을 통한 업무 효율화를 배우고 싶습니다.
수출/매출 데이터 분석 및 시각화,ChatGPT 활용을 통한 파이썬 코딩 및 데이터 분석
품질관리,품질관리 능력 배양
파이썬을 통해 업무에서 마주하는 방대한 데이터를 보다 효율적으로 처리 및 분석하기 위해 위 교육을 신청합니다. 생산성 극대화와 빠른 의사결정을 위해 정교한 분석과 데이터 시각화 역량이 필요합니다.,"실무 적용 가능한 데이터 분석 기법 습득, 데이터 전처리 및 시각화 기술 향상"
